"","namen","zip","betreuungsart","bfs"
"1","Abteilung Bildung","3700","Ferienbetreuung",768
"2","Acceuil extra scolaire","2740","Ferienbetreuung",700
"3","Albatros Heimberg","3627","Kita",928
"4","APAJ ""Association Parents Accueil Journée""","2710","Tagesfamilie",713
"5","Atelier Pinocchio","2532","Kita",372
"6","Au petit Bonheur","2605","Kita",444
"7","Babydream Club","2503","Kita",371
"8","Balena","3098","Kita",355
"9","Buechespatze","3800","Kita",593
"10","Calma Kinderbetreuung","3150","Kita",855
"11","Centre de l'Enfance de Moutier","2740","Kita",700
"12","Children's Community GmbH","3600","Kita",942
"13","Chinderhus Alchenflüh","3422","Ferienbetreuung",412
"14","Chinderhus Alchenflüh","3422","Kita",412
"15","Chinderhus Brienz","3855","Kita",573
"16","Chinderhus Hindelbank","3324","Kita",409
"17","Chinderhus Hondrich","3702","Kita",768
"18","Chinderhus Tabaluga","3313","Kita",538
"19","Chinderhuus Gampelen","3236","Kita",495
"20","Chinderhuus Gampiross","3600","Kita",942
"21","Chinderhuus Ins","3232","Kita",496
"22","Chinderhuus Wohlen","3032","Kita",360
"23","Chinderland","3084","Kita",355
"24","Chinderstuba Grindelwald","3818","Kita",576
"25","Chindertroum Waldkita","3008","Kita",351
"26","Coccodrillo","3013","Kita",351
"27","Coxinelle","3097","Kita",355
"28","Crèche Au P'tit Château","2735","Kita",717
"29","Crèche Au P'tit Soleil","2605","Kita",444
"30","Crèche La Coccinelle","2738","Kita",690
"31","Crèche La Luciole","2515","Kita",726
"32","Crèche la Pelouse","2610","Kita",443
"33","Crèche Le P'tit Paradis","2603","Kita",450
"34","Crèche Le Tournesol","2732","Kita",703
"35","Crèche Les 4 Saisons","2710","Kita",713
"36","Crèche les hirondelles","2607","Kita",433
"37","Crèche Les Marmottes","2746","Kita",691
"38","Crèche Les Moussaillons","2608","Kita",434
"39","Crèche Les Razmokets","2615","Kita",445
"40","Crèche Memory","2502","Kita",371
"41","Crèche municipale Bidibule","2520","Kita",723
"42","Crèche Municipale de Reconvilier","2732","Kita",703
"43","Crèche Petit Prince","2503","Kita",371
"44","Crèche Teddy Bear Kita","2502","Kita",371
"45","Crèche-garderie Harmony","2502","Kita",371
"46","Dakawo Naturgruppe Fuchskinder","4704","Kita",981
"47","Diemtighuus Erläbnis Kita","3754","Kita",762
"48","DV Bern Notrecht - Testkita","3000","Kita",NA
"49","Ecole à journée continue Berne - ECLF","3015","Tagesschule",351
"50","Ecole à journée continue Corgémont","2606","Tagesschule",431
"51","Ecole à journée continue Courtelary-Cormoret-Villeret","2612","Tagesschule",432
"52","Ecole à journée continue du Syndicat scolaire du Bas de la Vallée","2735","Ferienbetreuung",717
"53","Ecole à journée continue Evilard","2533","Tagesschule",372
"54","Ecole à journée continue Grand-Val, Syndicat Scolaire","2745","Tagesschule",694
"55","Ecole à journée continue La Neuveville","2520","Tagesschule",723
"56","Ecole à journée continue Le Griffon","2610","Ferienbetreuung",443
"57","Ecole à journée continue Moutier Moutier site du Viaduc","2740","Tagesschule",700
"58","Ecole à journée continue Moutier Moutier site Fauvettes","2740","Tagesschule",700
"59","Ecole à journée continue Moutier Moutier site Foyer","2740","Tagesschule",700
"60","Ecole à journée continue Orvin","2534","Tagesschule",438
"61","Ecole à journée continue Péry-La Heutte","2603","Tagesschule",450
"62","Ecole à journée continue Plateau de Diesse Communauté scolaire","2516","Tagesschule",726
"63","Ecole à journée continue Reconvilier","2732","Tagesschule",703
"64","Ecole à journée continue Renan","2616","Tagesschule",441
"65","Ecole à journée continue Saint-Imier","2610","Tagesschule",443
"66","Ecole à journée continue Sonceboz-Sombeval","2605","Tagesschule",444
"67","Ecole à journée continue Tavannes","2710","Tagesschule",713
"68","Ecole à journée continue Tramelan","2720","Tagesschule",446
"69","Ecole à journée continue Valbirse Syndicat Scolaire de l'école secondaire du bas de la vallée","2735","Tagesschule",717
"70","Einwohnergemeinde Saanen","3792","Tagesfamilie",843
"71","EJC","","Kita",NA
"72","Familienforum Spiez - Tageselternvermittlung","3700","Tagesfamilie",768
"73","Ferien Welt","3400","Ferienbetreuung",404
"74","Ferienangebot SuE","3427","Ferienbetreuung",552
"75","Ferienbetreuung","3076","Ferienbetreuung",627
"76","Ferienbetreuung","4704","Ferienbetreuung",981
"77","Ferienbetreuung Aarberg","3270","Ferienbetreuung",301
"78","Ferienbetreuung Gemeinde Köniz","3098","Ferienbetreuung",355
"79","Ferienbetreuung Grosshöchstetten","3506","Ferienbetreuung",608
"80","Ferienbetreuung Ittigen","3063","Ferienbetreuung",362
"81","Ferienbetreuung Jegenstorf","3303","Ferienbetreuung",540
"82","Ferienbetreuung Konolfingen","3510","Ferienbetreuung",612
"83","Ferienbetreuung Moosseedorf","3302","Ferienbetreuung",544
"84","Ferienbetreuung Nidau","2560","Ferienbetreuung",743
"85","Ferienbetreuung Tagesschule Kirchberg","3422","Ferienbetreuung",412
"86","Ferienbetreuung Tagesschule Seftigen","3662","Ferienbetreuung",883
"87","Ferienbetreuung Tagesschule Steffisburg","3612","Ferienbetreuung",939
"88","Ferieninsel Bolligen","3065","Ferienbetreuung",352
"89","Ferieninsel profawo","3011","Ferienbetreuung",351
"90","Ferieninsel Thun","3604","Ferienbetreuung",942
"91","Ferieninseln Stadt Bern","3008","Ferienbetreuung",351
"92","Ferienpass","2502","Ferienbetreuung",371
"93","Ferienpass Belp und Toffen/ Ferienkolonie Belp","3123","Ferienbetreuung",861
"94","Ganztagesschule Bern Stöckacker","3018","Tagesschule",351
"95","Ganztagesschule Breitenrain-Lorraine (Spitalacker)","3013","Tagesschule",351
"96","Ganztagesschule Bümpliz","3018","Tagesschule",351
"97","Ganztagesschule Köniz-Wabern","3084","Tagesschule",355
"98","Ganztagesschule Wankdorf","3014","Tagesschule",351
"99","globegarden Parkterrasse","3012","Kita",351
"100","globegarden Thunstrasse","3006","Kita",351
"101","hagebutte","3012","Kita",351
"102","Himmelchen","2560","Kita",743
"103","Himmelchen 2","2560","Kita",743
"104","Hübeli Chrippe Schwadernau","2556","Kita",748
"105","Kassiopeia","3084","Kita",355
"106","KIBE Region Huttwil KiTA","4950","Kita",954
"107","KIBE Region Huttwil Tagesfamilien","4950","Tagesfamilie",954
"108","kids & co au Lac","2503","Kita",371
"109","kids & co Bözingen","2504","Kita",371
"110","kids & co Gümligen","3073","Kita",356
"111","kids & co Viktoriastrasse","3013","Kita",351
"112","kids & co Wabern","3084","Kita",355
"113","kids & co Wankdorf","3014","Kita",351
"114","Kinderbetreuung Waudchutz","3303","Kita",540
"115","Kinderhaus Bernische Stiftung Elfenau","3007","Kita",351
"116","Kinderhaus Ginkgo","3006","Kita",351
"117","Kinderhaus Langnau","3550","Kita",902
"118","Kinderhaus Stern im Ried","2502","Kita",371
"119","Kinderkrippe BALU","3292","Kita",306
"120","Kinderkrippe Windrose","4900","Kita",329
"121","Kinderort","3007","Kita",351
"122","Kindertagesstätte Chrötli","3315","Kita",533
"123","Kindertagesstätte Hummelinäscht","3072","Kita",363
"124","Kindertagesstätte kitaRo","4914","Kita",337
"125","Kindertagesstätte Laupen","3177","Kita",667
"126","Kindertagesstätte Ratatui","3110","Kita",616
"127","Kindertagesstätte Riggisberg","3132","Kita",879
"128","Kindertagesstätte Schnäggli Niederbipp","4704","Kita",981
"129","Kindertagesstätte Schnäggli Wiedlisbach","4537","Kita",995
"130","Kindertagesstätte Uhunäscht","3250","Kita",306
"131","Kinderwelt Jegenstorf","3303","Kita",540
"132","Kita 23","4922","Kita",342
"133","Kita 7","4900","Kita",329
"134","Kita Aare","3600","Kita",942
"135","Kita Aaregg","3004","Kita",351
"136","Kita Aarehüpfer","2560","Kita",743
"137","Kita ABC","3322","Kita",551
"138","Kita Alpenstrasse GmbH","3800","Kita",593
"139","Kita Alte Ziegelei","3250","Kita",306
"140","Kita Altenberg","3013","Kita",351
"141","KITA am Waldrand","2500","Kita",NA
"142","Kita Ämmehüpfer","3400","Kita",404
"143","Kita Ausserholligen","3008","Kita",351
"144","Kita Bachmätteli","3018","Kita",351
"145","Kita Balou Kirchenfeld","3005","Kita",351
"146","Kita Balou Muri b. Bern","3074","Kita",356
"147","Kita Balu","2543","Kita",387
"148","Kita Bärestübli","3270","Kita",301
"149","Kita Beerihuus","4914","Kita",337
"150","Kita Beundenweg/Crèche Oeuches","2503","Kita",371
"151","Kita Bim Bam Bini Belp","3213","Kita",2262
"152","Kita Bim Bam Bini Deisswil","3066","Kita",358
"153","Kita Bim Bam Bini Konolfingen","3510","Kita",612
"154","Kita Bim Bam Bini Uettligen","3043","Kita",360
"155","Kita Bitzius","3006","Kita",351
"156","Kita Breitenrain","3014","Kita",351
"157","Kita Breitsch","3014","Kita",351
"158","Kita Brünnen","3027","Kita",351
"159","Kita Brünnengut","3027","Kita",351
"160","Kita Bubenberg","2502","Kita",371
"161","Kita Bucher Areal","3400","Kita",404
"162","Kita Bümpliz","3018","Kita",351
"163","Kita Burehof GmbH","3065","Kita",352
"164","Kita Burgdorf","3400","Kita",404
"165","Kita Burgergut","3613","Kita",939
"166","Kita burgunder","3018","Kita",351
"167","Kita Butzus GmbH","3065","Kita",352
"168","Kita Casa Musa","3012","Kita",351
"169","Kita Casa Papaya","3012","Kita",351
"170","Kita Casa tutti frutti","3012","Kita",351
"171","Kita Chalet Pfeid","2555","Kita",733
"172","Kita Chutz - Chinderhus Utzenstorf","3427","Kita",552
"173","Kita Colorin","3013","Kita",351
"174","Kita crescendo","3008","Kita",351
"175","Kita Dählhölzli","3005","Kita",351
"176","Kita Dängelibänz","3012","Kita",351
"177","Kita Eichgüetli","3626","Kita",929
"178","Kita eigerplatz","3007","Kita",351
"179","Kita Erlach","3235","Kita",492
"180","Kita Fairy","2502","Kita",371
"181","Kita falkennest","3012","Kita",351
"182","Kita Fantasia","3018","Kita",351
"183","Kita Farfallina","3007","Kita",351
"184","Kita Feusi Bildungszentrum AG","3073","Kita",356
"185","Kita Firlifanz","3013","Kita",351
"186","Kita futura","3097","Kita",355
"187","Kita Gals","3238","Kita",494
"188","KITA Glütschbach","3634","Kita",941
"189","Kita grasburg","3150","Kita",855
"190","Kita Grendolin Münsingen","3110","Kita",616
"191","Kita Grendolin Worb","3076","Kita",627
"192","Kita Grisu","3202","Kita",663
"193","Kita Gstaad","3780","Kita",843
"194","Kita Gurit","3063","Kita",362
"195","Kita Gwundernase","3013","Kita",351
"196","Kita Gwundernäsli","3067","Kita",359
"197","KiTa Happy Bellmund","2564","Kita",732
"198","KiTa Happy Nidau","2560","Kita",743
"199","KiTa Happy Seedorf","3267","Kita",312
"200","KiTa Happy Worben","3252","Kita",755
"201","Kita Hasebou","3415","Kita",406
"202","Kita Haslital","3860","Kita",785
"203","Kita Himugüegeli","3006","Kita",351
"204","Kita Hohmadpark","3600","Kita",942
"205","Kita Holenacker","3027","Kita",351
"206","Kita Iisbär","3296","Kita",381
"207","Kita im Favorite","3012","Kita",351
"208","KiTa im Park","3097","Kita",355
"209","KiTa Inselspital","3010","Kita",351
"210","Kita Jamballa","3074","Kita",356
"211","Kita Jardin du Paradis","2502","Kita",371
"212","Kita Juno","3294","Kita",383
"213","Kita Karfunkel","3860","Kita",785
"214","Kita Karussell","3303","Kita",540
"215","Kita Kinderhut","3360","Kita",979
"216","Kita Kinderhut Bützberg","4922","Kita",342
"217","Kita Kinderhut Wangen an der Aare","3380","Kita",992
"218","Kita Kinderpunkt Kiesen","3629","Kita",611
"219","Kita Kinderwelt Kirchberg","3422","Kita",412
"220","Kita Kinderzimmer GmbH","3714","Kita",563
"221","Kita Kirchenfeld","3005","Kita",351
"222","Kita Kiwi","3063","Kita",362
"223","Kita Krokofant","3014","Kita",351
"224","Kita Kunterbunt","3073","Kita",356
"225","Kita Kunterbunt Matten","3800","Kita",593
"226","Kita Länggasse","3012","Kita",351
"227","Kita làpurzel","3005","Kita",351
"228","Kita Lindenhof","3012","Kita",351
"229","Kita Lindenweg","3072","Kita",363
"230","Kita Lorraine","3013","Kita",351
"231","Kita Lorymatte","3110","Kita",616
"232","Kita Loryplatz","3007","Kita",351
"233","Kita Luna","2542","Kita",392
"234","Kita Makena","2563","Kita",739
"235","Kita Matahari Kirchenfeld","3005","Kita",351
"236","Kita Matahari Weissenbühl","3007","Kita",351
"237","Kita Matte","3011","Kita",351
"238","Kita Merlin Breitenacker","3122","Kita",870
"239","Kita Merlin Kehrsatz","3122","Kita",870
"240","Kita Mett/Crèche Mâche","2504","Kita",371
"241","Kita Miabiala","3006","Kita",351
"242","Kita Mikado","3007","Kita",351
"243","Kita Minouche","2504","Kita",371
"244","Kita morillon","3007","Kita",351
"245","Kita Moskito","3302","Kita",544
"246","Kita Murifeld Mindstrasse","3006","Kita",351
"247","Kita Murifeld Weltpost","3015","Kita",351
"248","Kita murtenstrasse","3008","Kita",351
"249","Kita Müsliburg","3098","Kita",355
"250","Kita Mutzli","3075","Kita",627
"251","KiTa Nanuq Meikirch","3145","Kita",355
"252","Kita Nemo","2575","Kita",751
"253","Kita Nestwärme","2557","Kita",749
"254","Kita Nimmerland","1797","Kita",669
"255","Kita Oberbipp GmbH","4538","Kita",983
"256","KiTa Obersimmental GmbH","3770","Kita",794
"257","Kita Orpund","2552","Kita",744
"258","Kita Ostermundigen","3072","Kita",363
"259","Kita Ottilotti","3005","Kita",351
"260","Kita Papillon","3172","Kita",355
"261","Kita Pepe","3296","Kita",381
"262","Kita piccolino","3012","Kita",351
"263","Kita Piccolo","3172","Kita",355
"264","Kita Pinocchio","3225","Kita",498
"265","Kita Ponticello","2503","Kita",371
"266","Kita pop e poppa forsthaus","3012","Kita",351
"267","Kita pop e poppa oberfeld","3072","Kita",363
"268","Kita pop e poppa ostermundigen","3072","Kita",363
"269","Kita pop e poppa schlossburg","3600","Kita",942
"270","Kita publica","3008","Kita",351
"271","Kita Rappard","3008","Kita",351
"272","Kita Röseligarte","3004","Kita",351
"273","Kita rosenweg","3007","Kita",351
"274","Kita Saanen","3780","Kita",843
"275","Kita sandburg","3012","Kita",351
"276","Kita Schloss Stern","3400","Kita",404
"277","Kita Schnäggehüsli","3550","Kita",902
"278","Kita Schorenhof","3645","Kita",942
"279","Kita Schtärne","3506","Kita",608
"280","Kita Schüpfen","3054","Kita",311
"281","Kita Seestärn","3600","Kita",942
"282","Kita Seftigen","3662","Kita",883
"283","Kita Selve Areal","3600","Kita",942
"284","Kita Siloah","3073","Kita",356
"285","Kita SmallWorld","3011","Kita",351
"286","Kita SMS","3174","Kita",355
"287","KITA Spiez","3700","Kita",768
"288","Kita Spitalacker","3013","Kita",351
"289","Kita Spittel","3011","Kita",351
"290","Kita Stärneschloss Aarberg","3270","Kita",301
"291","Kita Stärnschnuppe","3047","Kita",353
"292","KiTa stärntaler","3098","Kita",355
"293","Kita Steckgut","3014","Kita",351
"294","Kita steinhölzli","3097","Kita",355
"295","Kita Sterntaler","3072","Kita",363
"296","Kita Stettlen","3066","Kita",358
"297","Kita Stöckacker","3018","Kita",351
"298","Kita Stockfeld","2558","Kita",731
"299","Kita Storchennest","3257","Kita",303
"300","Kita Sumis","3454","Kita",957
"301","Kita Sunneschyn","3053","Kita",546
"302","Kita Sunnestrahl Koppigen","3425","Kita",413
"303","Kita Sunnestrahl Oberburg","3414","Kita",418
"304","Kita Sunnestube","3800","Kita",593
"305","Kita Swisscolino","3048","Kita",362
"306","Kita Tabaluga","3084","Kita",355
"307","Kita Taka Tuka","3012","Kita",351
"308","Kita Talgutzentrum","3063","Kita",362
"309","KiTa Tazli","3322","Kita",551
"310","Kita Tevilino/Tevilino Wydacker","3063","Kita",362
"311","Kita Thun","3600","Kita",942
"312","Kita Tiefenau","3004","Kita",351
"313","Kita Tigerente","3612","Kita",939
"314","Kita Tscharnergut","3027","Kita",351
"315","Kita Tubehüsli","3123","Kita",861
"316","Kita Tüscherz","2512","Kita",756
"317","Kita TuttiFrutti","2502","Kita",371
"318","Kita Villa","3176","Kita",670
"319","Kita Villa la Vida","3110","Kita",616
"320","Kita Wasen","3457","Kita",957
"321","Kita weissenbühl","3007","Kita",351
"322","Kita Weissenstein","3007","Kita",351
"323","Kita Wichtelwelt","3604","Kita",942
"324","Kita Wimmis","3752","Kita",769
"325","Kita Wirbelwind","3018","Kita",351
"326","Kita Wirbelwind, Kibez Zollikofen","3052","Kita",361
"327","Kita Wombat Bremgarten","3047","Kita",353
"328","Kita Wombat Buchserstrasse","3006","Kita",351
"329","Kita Wombat Zieglerstrasse","3007","Kita",351
"330","Kita Wundertüte","3013","Kita",351
"331","Kita Wyler","3014","Kita",351
"332","Kita Wyleregg","3014","Kita",351
"333","Kita Yeladim","3007","Kita",351
"334","Kita Zazabu","3006","Kita",351
"335","Kita Zukunft/Crèche Avenir","2503","Kita",371
"336","Kita Zwärgeburg","3072","Kita",363
"337","Kita Zwärgehuus Aarberg","3270","Kita",301
"338","Kita Zwärgenäscht","2562","Kita",745
"339","KiTa zwirbu","3098","Kita",355
"340","Kita/Crèche Rochette","2504","Kita",371
"341","Kita/Crèche Soleil","2504","Kita",371
"342","Kitalina","3600","Kita",942
"343","KITAMU GmbH","4912","Kita",321
"344","L'enfantaisie - crèche-garderie francophone","2502","Kita",371
"345","Läbihus","3053","Kita",546
"346","Le Château des enfants","2710","Ferienbetreuung",713
"347","leolea, Tageseltern Kanton Bern","3004","Tagesfamilie",351
"348","leolea, Tageseltern Stadt Bern","3005","Tagesfamilie",351
"349","Les Gardénias","3015","Kita",351
"350","Les Lucioles","2720","Kita",446
"351","Lüchtturm Uetendorf","3661","Kita",944
"352","Maison de l'enfance Les Ecureuils","2606","Kita",431
"353","Melimelo","2502","Kita",371
"354","MiniKita Langenthal AG (Süd)","4900","Kita",329
"355","mirabelle","3084","Kita",355
"356","Mirabu","3098","Kita",355
"357","Mittagsbetreuung Bolligen-OSZ Eisengasse","3065","Tagesschule",352
"358","Mittagstisch Bolligen-Ferenberg","3066","Tagesschule",358
"359","Mittagstisch Thun Obermatt","3645","Tagesschule",942
"360","mixmax Kindertagegstätte Schönegg","3007","Kita",351
"361","Mogli","3098","Kita",355
"362","Montessori an der Aare","3011","Kita",351
"363","Montessori Kinderhaus Lorraine","3013","Kita",351
"364","Montessori Kindertagesbetreuung VIKI","3014","Kita",351
"365","Naturkita Chinderland Dotzigen","3293","Kita",386
"366","ni_kita","3052","Kita",361
"367","Nina Freiermuth","3818","Kita",576
"368","Notverordnung - Tagi Ausserholligen","3008","Kita",351
"369","Notverordnung - Tagi Brünnengut","3008","Kita",351
"370","Notverordnung - Tagi Bümpliz","3008","Kita",351
"371","Notverordnung - Tagi Engehalbinsel","3008","Kita",351
"372","Notverordnung - Tagi Holenacker","3008","Kita",351
"373","Notverordnung - Tagi Kleefeld","3008","Kita",351
"374","Notverordnung - Tagi Länggasse","3008","Kita",351
"375","Notverordnung - Tagi Lorraine","3008","Kita",351
"376","Notverordnung - Tagi Murifeld","3008","Kita",351
"377","Notverordnung - Tagi Tscharnergut","3008","Kita",351
"378","Notverordnung - Tagi Weissenstein","3008","Kita",351
"379","Notverordnung - Tagi Wittigkofen","3008","Kita",351
"380","Notverordnung - Tagi Wyleregg","3008","Kita",351
"381","pop e poppa fischermätteli","1700","Kita",2196
"382","pop e poppa münchenbuchsee","1700","Kita",2196
"383","Preschool Feusi Bildungszentrum AG","3073","Kita",356
"384","Private Kindertagesstätte Mattenhof","3007","Kita",351
"385","Roti Zora","3014","Kita",351
"386","Schtärnli","3653","Kita",934
"387","Service d’accueil en famille de Moutier","2740","Tagesfamilie",700
"388","Sputnik (proKids AG)","3008","Kita",351
"389","Stella Luna","3510","Kita",612
"390","Strampolino Bern","3011","Kita",351
"391","Structure d'acccueil durant les vacances","2605","Ferienbetreuung",444
"392","Syndicat scolaire Saicourt-Petit-Val","2715","Tagesschule",716
"393","Tageschule Lyss Busswil","3250","Tagesschule",306
"394","Tageschule Lyss Grentschel","3250","Tagesschule",306
"395","Tageschule Lyss Lyssbach","3250","Tagesschule",306
"396","Tageschule Lyss Stegmatt","3250","Tagesschule",306
"397","Tageseltern Kibez Zollikofen","3052","Tagesfamilie",361
"398","Tageselternverein Biel / Association parents d'accueil de Bienne","2503","Tagesfamilie",371
"399","Tageselternverein Bolligen","3065","Tagesfamilie",352
"400","Tageselternverein Konolfingen und Umgebung","3510","Tagesfamilie",612
"401","Tageselternverein Nestwärme","2557","Tagesfamilie",749
"402","Tageselternverein Region Worb","3076","Tagesfamilie",627
"403","Tageselternverein Seestern","2560","Tagesfamilie",743
"404","Tageselternverein TaMü","3053","Tagesfamilie",546
"405","Tageselternvermittlung Lyss und Umgebung","3250","Tagesfamilie",306
"406","Tageselternvermittlung Region Thun","3600","Tagesfamilie",942
"407","Tagesfamilien Emme plus","3550","Tagesfamilie",902
"408","Tagesfamilien Interlaken-Oberhasli","3800","Tagesfamilie",593
"409","Tagesfamilien Kinderhut","3360","Tagesfamilie",979
"410","Tagesfamilien Laupen","3177","Tagesfamilie",667
"411","Tagesfamilien Region Langenthal TRL","4901","Tagesfamilie",NA
"412","Tagesfamilien SRK","3400","Tagesfamilie",404
"413","Tagesfamilienorganisation kibe plus","3097","Tagesfamilie",355
"414","Tagesfamilienorganisation Untere Emme - Mittelland","3425","Tagesfamilie",413
"415","Tagesfamilienverein Gantrisch","3132","Tagesfamilie",879
"416","Tagesferien","3110","Ferienbetreuung",616
"417","Tagesferienbetreuung","3250","Ferienbetreuung",306
"418","Tagesschule Aarberg","3270","Tagesschule",301
"419","Tagesschule Aarberg","3270","Tagesschule",301
"420","Tagesschule Aare Oenz","3373","Tagesschule",977
"421","Tagesschule Aarwangen","4912","Tagesschule",321
"422","Tagesschule Aefligen","3426","Tagesschule",401
"423","Tagesschule Aeschi bei Spiez","3703","Tagesschule",562
"424","Tagesschule Allmendingen","3112","Tagesschule",630
"425","Tagesschule Attiswil","4536","Tagesschule",971
"426","Tagesschule Bargen","3282","Tagesschule",302
"427","Tagesschule Bellmund","2564","Tagesschule",732
"428","Tagesschule Belp","3123","Tagesschule",861
"429","Tagesschule Belp","3123","Tagesschule",861
"430","Tagesschule Bern Altstadt/Schosshalde","3006","Tagesschule",351
"431","Tagesschule Bern Altstadt/Schosshalde","3011","Tagesschule",351
"432","Tagesschule Bern Altstadt/Schosshalde","3006","Tagesschule",351
"433","Tagesschule Bern Altstadt/Schosshalde","3005","Tagesschule",351
"434","Tagesschule Bern Bethlehemacker","3027","Tagesschule",351
"435","Tagesschule Bern Bethlehemacker","3027","Tagesschule",351
"436","Tagesschule Bern Breitfeld/Wankdorf","3014","Tagesschule",351
"437","Tagesschule Bern Brunnmatt/Steigerhubel","3007","Tagesschule",351
"438","Tagesschule Bern Brunnmatt/Steigerhubel","3008","Tagesschule",351
"439","Tagesschule Bern Bümpliz/Höhe","3018","Tagesschule",351
"440","Tagesschule Bern Bümpliz/Höhe","3018","Tagesschule",351
"441","Tagesschule Bern Bümpliz/Höhe","3019","Tagesschule",351
"442","Tagesschule Bern Kirchenfeld","3005","Tagesschule",351
"443","Tagesschule Bern Kleefeld","3018","Tagesschule",351
"444","Tagesschule Bern Länggasse/Felsenau","3012","Tagesschule",351
"445","Tagesschule Bern Länggasse/Felsenau","3012","Tagesschule",351
"446","Tagesschule Bern Laubegg","3006","Tagesschule",351
"447","Tagesschule Bern Laubegg","3006","Tagesschule",351
"448","Tagesschule Bern Lorraine/Wylergut","3013","Tagesschule",351
"449","Tagesschule Bern Lorraine/Wylergut","3014","Tagesschule",351
"450","Tagesschule Bern Manuel","3006","Tagesschule",351
"451","Tagesschule Bern Manuel","3015","Tagesschule",351
"452","Tagesschule Bern Marzili/Sulgenbach","3005","Tagesschule",351
"453","Tagesschule Bern Marzili/Sulgenbach","3007","Tagesschule",351
"454","Tagesschule Bern Pestalozzi/Munzinger","3007","Tagesschule",351
"455","Tagesschule Bern Pestalozzi/Munzinger","3007","Tagesschule",351
"456","Tagesschule Bern Pestalozzi/Munzinger","3007","Tagesschule",351
"457","Tagesschule Bern Pestalozzi/Munzinger","3007","Tagesschule",351
"458","Tagesschule Bern Pestalozzi/Munzinger","3007","Tagesschule",351
"459","Tagesschule Bern Rossfeld","3004","Tagesschule",351
"460","Tagesschule Bern Schwabgut","3018","Tagesschule",351
"461","Tagesschule Bern Schwabgut","3018","Tagesschule",351
"462","Tagesschule Bern Spitalacker/Breitenrain","3013","Tagesschule",351
"463","Tagesschule Bern Spitalacker/Breitenrain","3013","Tagesschule",351
"464","Tagesschule Bern Spitalacker/Breitenrain","3013","Tagesschule",351
"465","Tagesschule Bern Spitalacker/Breitenrain","3014","Tagesschule",351
"466","Tagesschule Bern Stapfenacker/Brünnen","3018","Tagesschule",351
"467","Tagesschule Bern Tscharnergut","3027","Tagesschule",351
"468","Tagesschule Biel-Battenberg","2504","Tagesschule",371
"469","Tagesschule Biel-Bözingen/Boujean","2504","Tagesschule",371
"470","Tagesschule Biel-Bubenberg","2502","Tagesschule",371
"471","Tagesschule Biel-Champagne","2502","Tagesschule",371
"472","Tagesschule Biel-Dufour","2502","Tagesschule",371
"473","Tagesschule Biel-Linde/Tilleul","2503","Tagesschule",371
"474","Tagesschule Biel-Madretsch","2503","Tagesschule",371
"475","Tagesschule Biel-Mühlefeld/Champ-du-Moulin","2503","Tagesschule",371
"476","Tagesschule Biel-OSZ Mett-Bözingen","2504","Tagesschule",371
"477","Tagesschule Biel-Plänke","2502","Tagesschule",371
"478","Tagesschule Biel-Poste","2504","Tagesschule",371
"479","Tagesschule Biel-Sahligut/Geyrisried","2504","Tagesschule",371
"480","Tagesschule Biel-Walkermatte/Prés-Walker","2502","Tagesschule",371
"481","Tagesschule Biel-Zukunft/Avenir","2503","Tagesschule",371
"482","Tagesschule Biglen","3507","Tagesschule",603
"483","Tagesschule Bolligen-Lutertal","3065","Tagesschule",352
"484","Tagesschule Bönigen","3806","Tagesschule",572
"485","Tagesschule Bremgarten","3047","Ferienbetreuung",353
"486","Tagesschule Bremgarten","3047","Tagesschule",353
"487","Tagesschule Brienz","3855","Tagesschule",573
"488","Tagesschule Brügg Bärlet I","2555","Tagesschule",733
"489","Tagesschule Brügg Bielstrasse","2555","Tagesschule",733
"490","Tagesschule Brügg Kanalschulhaus","2555","Tagesschule",733
"491","Tagesschule Büren a.A.","3294","Tagesschule",383
"492","Tagesschule Burgdorf (Standort Gotthelf + Pestalozzi)","3400","Tagesschule",404
"493","Tagesschule Burgdorf (Standort Neumatt)","3400","Tagesschule",404
"494","Tagesschule Burgdorf (Standort Schlossmatt)","3400","Tagesschule",404
"495","Tagesschule Diemtigen","3753","Tagesschule",762
"496","Tagesschule Diessbach bei Büren","3264","Tagesschule",385
"497","Tagesschule Eriz","3538","Tagesschule",904
"498","Tagesschule Erlach","3235","Tagesschule",492
"499","Tagesschule Ersigen-Oesch","3423","Tagesschule",405
"500","Tagesschule Ferenbalm","3206","Tagesschule",662
"501","Tagesschule Finsterhennen","2577","Tagesschule",499
"502","Tagesschule Fraubrunnen","3312","Tagesschule",538
"503","Tagesschule Frutigen","3714","Tagesschule",563
"504","Tagesschule Gerzensee Standort Gerzensee","3115","Tagesschule",866
"505","Tagesschule Gerzensee Standort Kirchdorf","3116","Tagesschule",872
"506","Tagesschule Grindelwald","3818","Tagesschule",576
"507","Tagesschule Grosshöchstetten","3506","Tagesschule",608
"508","Tagesschule Guggisberg","3156","Tagesschule",852
"509","Tagesschule Guggisberg","3158","Tagesschule",852
"510","Tagesschule Guggisberg","3158","Tagesschule",852
"511","Tagesschule Hasle bei Burgdorf","3415","Tagesschule",406
"512","Tagesschule Heimberg","3627","Tagesschule",928
"513","Tagesschule Herzogenbuchsee Kinderhut","3360","Tagesschule",979
"514","Tagesschule Herzogenbuchsee Schule Oenz","3360","Tagesschule",979
"515","Tagesschule Hilterfingen Friedbühl","3653","Tagesschule",934
"516","Tagesschule Hilterfingen Kirchgemeindehaus Hünibach","3652","Tagesschule",929
"517","Tagesschule Hindelbank","3324","Tagesschule",409
"518","Tagesschule Ins","3232","Ferienbetreuung",496
"519","Tagesschule Ins","3232","Tagesschule",496
"520","Tagesschule Interlaken Ost","3800","Tagesschule",593
"521","Tagesschule Interlaken West","3800","Tagesschule",593
"522","Tagesschule Ipsach","2563","Tagesschule",739
"523","Tagesschule Iseltwald","3800","Tagesschule",593
"524","Tagesschule Ittigen Altikofen-Worblaufen","3048","Tagesschule",362
"525","Tagesschule Ittigen OSZ Rain","3063","Tagesschule",362
"526","Tagesschule Jegenstorf","3303","Tagesschule",540
"527","Tagesschule Jens","2565","Tagesschule",738
"528","Tagesschule Kallnach","3283","Tagesschule",304
"529","Tagesschule Kandersteg","3718","Tagesschule",565
"530","Tagesschule Kappelen","3273","Tagesschule",305
"531","Tagesschule Kehrsatz","3122","Tagesschule",870
"532","Tagesschule Kernenried","3309","Tagesschule",411
"533","Tagesschule Kirchberg","3422","Tagesschule",412
"534","Tagesschule Kirchlindach-Dorf","3038","Tagesschule",354
"535","Tagesschule Kirchlindach-Herrenschwanden","3037","Tagesschule",354
"536","Tagesschule Köniz-Buchsee","3098","Tagesschule",355
"537","Tagesschule Köniz-Liebefeld/Hessgut","3097","Tagesschule",355
"538","Tagesschule Köniz-Liebefeld/Steinhölzli","3097","Tagesschule",355
"539","Tagesschule Köniz-Mittelhäusern (Sternenberg)","3147","Tagesschule",355
"540","Tagesschule Köniz-Niederscherli (Sternenberg)","3145","Tagesschule",355
"541","Tagesschule Köniz-Niederwangen","3172","Tagesschule",355
"542","Tagesschule Köniz-Oberscherli (Sternenberg)","3145","Tagesschule",355
"543","Tagesschule Köniz-Oberstufenzentrum","3098","Tagesschule",355
"544","Tagesschule Köniz-Oberwangen","3173","Tagesschule",355
"545","Tagesschule Köniz-Ried Niederwangen","3172","Tagesschule",355
"546","Tagesschule Köniz-Schliern","3098","Tagesschule",355
"547","Tagesschule Köniz-Spiegel","3095","Tagesschule",355
"548","Tagesschule Köniz-Wabern","3084","Tagesschule",355
"549","Tagesschule Köniz-Wabern Morillon","3084","Tagesschule",355
"550","Tagesschule Konolfingen","3510","Tagesschule",612
"551","Tagesschule Koppigen Schulverband","3425","Tagesschule",413
"552","Tagesschule Krattigen","3704","Tagesschule",566
"553","Tagesschule Krauchthal","3326","Tagesschule",414
"554","Tagesschule Langenthal Elzmatte","4900","Tagesschule",329
"555","Tagesschule Langenthal Hard","4900","Tagesschule",329
"556","Tagesschule Langenthal Ringstrasse","4900","Tagesschule",329
"557","Tagesschule Langenthal Zwinglihaus","4900","Tagesschule",329
"558","Tagesschule Langnau","3550","Tagesschule",902
"559","Tagesschule Langnau-Oberfrittenbach","3551","Tagesschule",902
"560","Tagesschule Laupen","3177","Tagesschule",667
"561","Tagesschule Lauperswil","3438","Tagesschule",903
"562","Tagesschule Lengnau","2543","Tagesschule",387
"563","Tagesschule Lenk","3775","Tagesschule",792
"564","Tagesschule Linden","3673","Tagesschule",614
"565","Tagesschule linke Zulg","3622","Tagesschule",931
"566","Tagesschule Lotzwil","4932","Tagesschule",331
"567","Tagesschule Lützelflüh","3432","Tagesschule",955
"568","Tagesschule Lyssach","3421","Tagesschule",415
"569","Tagesschule Madiswil","4934","Tagesschule",332
"570","Tagesschule Matten","3800","Tagesschule",593
"571","Tagesschule Meikirch","3045","Tagesschule",307
"572","Tagesschule Meinisberg","2554","Tagesschule",390
"573","Tagesschule Meiringen","3860","Tagesschule",785
"574","Tagesschule Melchnau","4917","Tagesschule",333
"575","Tagesschule Moosseedorf","3302","Tagesschule",544
"576","Tagesschule Mühleberg Allenlüften","3205","Tagesschule",668
"577","Tagesschule Münchenbuchsee Aula Paul Klee","3053","Tagesschule",546
"578","Tagesschule Münchenbuchsee Dorf","3053","Tagesschule",546
"579","Tagesschule Münchenbuchsee Saali","3053","Tagesschule",546
"580","Tagesschule Münchenwiler","1797","Tagesschule",669
"581","Tagesschule Münsingen Aula Schlossmatt","3110","Tagesschule",616
"582","Tagesschule Münsingen Mehrzweckraum Schlossmatt","3110","Tagesschule",616
"583","Tagesschule Münsingen Mittelweg","3110","Tagesschule",616
"584","Tagesschule Münsingen Prisma","3110","Tagesschule",616
"585","Tagesschule Münsingen Rebacker","3110","Tagesschule",616
"586","Tagesschule Münsingen Salem (Provisorium)","3110","Tagesschule",616
"587","Tagesschule Muri-Aebnit","3074","Tagesschule",356
"588","Tagesschule Muri-Horbern","3074","Tagesschule",356
"589","Tagesschule Muri-Melchenbühl","3073","Tagesschule",356
"590","Tagesschule Muri-Moos","3073","Tagesschule",356
"591","Tagesschule Neuenegg","3176","Tagesschule",670
"592","Tagesschule Nidau Beundenring","2560","Tagesschule",743
"593","Tagesschule Nidau Lyss-Strasse","2560","Tagesschule",743
"594","Tagesschule Niederhünigen","3504","Tagesschule",617
"595","Tagesschule Oberbipp","4538","Tagesschule",983
"596","Tagesschule Oberburg","3414","Tagesschule",418
"597","Tagesschule Oberdiessbach","3672","Tagesschule",619
"598","Tagesschule Oberthal","3531","Tagesschule",620
"599","Tagesschule Orpund","2552","Tagesschule",744
"600","Tagesschule Ostermundigen-Bernstrasse","3072","Tagesschule",363
"601","Tagesschule Ostermundigen-Dennigkofen","3072","Tagesschule",363
"602","Tagesschule Ostermundigen-Mösli","3072","Tagesschule",363
"603","Tagesschule Ostermundigen-Rüti","3072","Tagesschule",363
"604","Tagesschule Pieterlen","2542","Tagesschule",392
"605","Tagesschule Rapperswil","3053","Tagesschule",546
"606","Tagesschule Region Zäziwil","3532","Tagesschule",628
"607","Tagesschule Riggisberg 1","3132","Tagesschule",879
"608","Tagesschule Riggisberg 2","3132","Tagesschule",879
"609","Tagesschule Ringgenberg-Goldswil-Niederried","3852","Tagesschule",590
"610","Tagesschule Roggwil","4914","Tagesschule",337
"611","Tagesschule Rüderswil","3436","Tagesschule",903
"612","Tagesschule Rüeggisberg","3088","Tagesschule",880
"613","Tagesschule Rüschegg","0","Tagesschule",NA
"614","Tagesschule Saanen-Rütti Gstaad","3780","Tagesschule",843
"615","Tagesschule Saanen-Schönried","3778","Tagesschule",843
"616","Tagesschule Saanen-Zenetsmatte","3792","Tagesschule",843
"617","Tagesschule Safnern Räbli","2553","Tagesschule",746
"618","Tagesschule Schule 2556 Scheuren/Schwadernau","2556","Tagesschule",748
"619","Tagesschule Schulverband Schulimont Gals","3238","Tagesschule",494
"620","Tagesschule Schulverband Schulimont Gampelen","3236","Tagesschule",495
"621","Tagesschule Schulverband Schulimont Vinelz","3234","Tagesschule",502
"622","Tagesschule Schüpfen-Dorf","3054","Tagesschule",311
"623","Tagesschule Schüpfen-Ziegelried","3054","Tagesschule",311
"624","Tagesschule Schwarzenburg Dorf","3150","Tagesschule",855
"625","Tagesschule Schwarzenburg Lanzenhäusern","3148","Tagesschule",855
"626","Tagesschule Seedorf","3267","Tagesschule",312
"627","Tagesschule Sigriswil","3655","Tagesschule",938
"628","Tagesschule Sigriswil-Merligen","3658","Tagesschule",938
"629","Tagesschule Spiez Einigen","3646","Tagesschule",768
"630","Tagesschule Spiez Faulensee","3705","Tagesschule",768
"631","Tagesschule Spiez Hofachern","3700","Tagesschule",768
"632","Tagesschule Spiez Hondrich","3702","Tagesschule",768
"633","Tagesschule Spiez Räumli/Spiezwiler","3700","Tagesschule",768
"634","Tagesschule Spiez Spiezmoos","3700","Tagesschule",768
"635","Tagesschule Steffisburg Chalet Schüpbach","3612","Tagesschule",939
"636","Tagesschule Steffisburg Schwäbis","3612","Tagesschule",939
"637","Tagesschule Steffisburg Z4","3612","Tagesschule",939
"638","Tagesschule Stettlen","3066","Tagesschule",358
"639","Tagesschule Studen-Aegerten","2557","Tagesschule",749
"640","Tagesschule Sutz-Lattrigen-Mörigen","2572","Tagesschule",750
"641","Tagesschule Täuffelen","2575","Tagesschule",751
"642","Tagesschule Thierachern","3634","Tagesschule",941
"643","Tagesschule Thun-Goldiwil","3624","Tagesschule",942
"644","Tagesschule Thun-Gotthelf/Kirche Gwatt","3604","Tagesschule",942
"645","Tagesschule Thun-Lerchenfeld","3603","Tagesschule",942
"646","Tagesschule Thun-Martinpark/Schönau 1","3600","Tagesschule",942
"647","Tagesschule Thun-Martinpark/Schönau 2","3600","Tagesschule",942
"648","Tagesschule Thun-Neufeld","3604","Tagesschule",942
"649","Tagesschule Thun-OS Progymatte","3600","Tagesschule",942
"650","Tagesschule Thun-Pestalozzi","3600","Tagesschule",942
"651","Tagesschule Thunstetten-Bützberg","4922","Tagesschule",342
"652","Tagesschule Thurnen","3127","Tagesschule",876
"653","Tagesschule Toffen","3125","Tagesschule",884
"654","Tagesschule Treiten-Brüttelen-Müntschemier, Standort Brüttelen","3237","Tagesschule",491
"655","Tagesschule Treiten-Brüttelen-Müntschemier, Standort Müntschemier","3225","Tagesschule",498
"656","Tagesschule Treiten-Brüttelen-Müntschemier, Standort Treiten","3226","Tagesschule",500
"657","Tagesschule Trubschachen","3555","Tagesschule",909
"658","Tagesschule Twann-Tüscherz und Ligerz","2513","Tagesschule",756
"659","Tagesschule Uetendorf","3661","Tagesschule",944
"660","Tagesschule Unterseen","3800","Tagesschule",593
"661","Tagesschule Urtenen-Schönbühl","3322","Tagesschule",551
"662","Tagesschule Uttigen","3628","Tagesschule",885
"663","Tagesschule Utzenstorf-Bätterkinden","3315","Tagesschule",533
"664","Tagesschule Utzenstorf-Utzenstorf","3426","Tagesschule",401
"665","Tagesschule Vechigen","3067","Tagesschule",359
"666","Tagesschule Wald","3086","Tagesschule",888
"667","Tagesschule Walperswil","3272","Tagesschule",754
"668","Tagesschule Wangen a. d. Aare","3380","Tagesschule",992
"669","Tagesschule Wattenwil","3665","Tagesschule",886
"670","Tagesschule Wengen","3823","Tagesschule",584
"671","Tagesschule Wichtrach","3114","Tagesschule",632
"672","Tagesschule Wiedlisbach","4537","Tagesschule",995
"673","Tagesschule Wilderswil","3812","Tagesschule",594
"674","Tagesschule Wimmis","3752","Tagesschule",769
"675","Tagesschule Wohlen-Dorf","3033","Tagesschule",360
"676","Tagesschule Wohlen-Murzelen","3033","Tagesschule",360
"677","Tagesschule Wohlen-Oberstufenschule Hinterkappelen","3032","Tagesschule",360
"678","Tagesschule Wohlen-Uettligen","3043","Tagesschule",360
"679","Tagesschule Worb-Rüfenacht","3075","Tagesschule",627
"680","Tagesschule Worb-Worb","3076","Tagesschule",627
"681","Tagesschule Worben","3252","Tagesschule",755
"682","Tagesschule Zollikofen","3052","Tagesschule",361
"683","Tagesschule Zweisimmen","3770","Tagesschule",794
"684","Tagi libelle","3012","Kita",351
"685","Tagi Thun","3600","Kita",942
"686","Tartaruga","3012","Kita",351
"687","TEV Mitenand","3250","Tagesfamilie",306
"688","TipTap","3250","Kita",306
"689","Topolina","3011","Kita",351
"690","Verein Kinderbetreuung Ittigen kibit","3063","Tagesfamilie",362
"691","Verein Kinderhaus Erlach","3235","Ferienbetreuung",492
"692","Verein KiPlus, Tageselternvermittlung","3123","Tagesfamilie",861
"693","Verein Kita Kinderpunkt Oberdiessbach","3672","Kita",619
"694","Villa ChriBu","3400","Kita",404
"695","Villa Salamander","3032","Kita",360
"696","Villa Tagi","3007","Kita",351
"697","Vorkindergarten im Park","3008","Kita",351
"698","Waldkita Murifeld","3006","Kita",351
"699","Wohlen-Hinterkappelen","3032","Tagesschule",360
"700","Wunderhuus","3800","Kita",593
"701","Wunderland Kita","4934","Kita",332
"702","Zappelchischte","4932","Kita",331
"703","Zibalu und Zibalino","3098","Kita",355
"704","Zweisprachige Kindertagesstätte/Crèche municipale Ginkjo Evilard","2533","Kita",372
